group_name,group_slug,n_user_recommend,last_recommended
HOUSE UNITED IN PRAYERS FOR JOE BIDEN AND KAMALA HARRIS,342579563786211,299,2021-04-13
2020 Hillary Clinton & Kamala Harris President & Vice-President Of USA.,1824629137792609,246,2021-05-18
Joe Biden the New President of (USA) join the Family NowüòÅüèÅüá±üá∑,868462830359365,238,2021-05-31
Friends Who Likes President Joe Biden,1725268961136665,141,2021-05-19
Joe Biden Is Our President - The Group,233528858257856,131,2021-05-03
Joe Biden had s3x with my family,1692032407608906,82,2021-03-16
Nancy Pelosi Support Group,408332597151807,31,2021-05-16
President Joe Biden,241806234137188,30,2021-04-06
AFRICANS IN THE UNITED STATES FOR JOE BIDEN 2020,372964677068409,23,2021-06-01
Joe Biden the 46th President of USA,4254630207897509,21,2021-02-22
Donald trump,457544632288951,18,2021-03-14
TEAM BIDEN HARRIS,947315128713324,14,2021-05-29
Camp Kamala,CampKamala,14,2021-03-31
Joe Biden,123293959563512,13,2021-02-21
Catboys and Catgirls Ridin' 4 Biden (Bisexual Bikers Only),thecatboybidengroup,12,2021-05-18
Trumplestiltskin and the Golden Shower,701511080296052,11,2021-05-31
Fight for TRUMP!,146845520274457,9,2021-04-13
Joe Bidenüîµ,363732131389654,8,2021-04-23
Barron Trump With Love ‚ù§,883930102107575,8,2021-03-23
Bernie Sanders & Jeremy Corbyn Supporters,1639498416323301,7,2021-05-31
Dump Trump,1194555520659306,7,2021-04-03
President 2021 Joe Biden _ Presidente 2021 Joe Biden,256244179447128,6,2021-02-22
Vice President kamala harris,235594151401415,6,2021-05-03
Joseph R. Biden's Catboyification/Re-education Group (bisexuality required),1638266716291875,6,2021-03-01
Bernie Sanders for President 2020,1696892440578009,5,2021-03-23
Democratic Socialists For Bernie Sanders 2020,2157208681258707,5,2021-05-30
Biden and Beyond 2020,2020thenewdawn,5,2021-04-11
Elizabeth Warren for President 2020,voteforwarren,5,2021-05-27
Red For Trump,1682457195408326,5,2021-03-23
I love President Trump,214569786355184,5,2021-05-11
United For Bernie Sanders,1437376689764674,4,2021-05-02
Bernie Sanders,1583621598574700,4,2021-03-23
The Bernie Sanders Movement,494873954031358,4,2021-03-23
JOE BIDEN AND KAMALA HARRIS FANS CLUB üî•LET‚ÄôS FAN THE FLAMES OF FANSHIPüá±üá∑,256810352611261,4,2021-05-18
The Bernie Movement,1616864931971961,4,2021-03-23
Ilhan Omar fans,1215686292114854,4,2021-04-05
Wet Plate Collodion - Friends of Frederick Scott Archer,1551392035129844,4,2021-05-14
Support our President Trump,1825721680868937,4,2021-04-14
Barron Trump,292409768473637,4,2021-02-27
Canadians against TRUMP !   :)  :),676759599094432,4,2021-03-25
Friends Who Like Bernie Sanders,1530619870583199,3,2021-05-08
Friends For Bernie Sanders,948635898589107,3,2021-04-07
biden and harris for America,725513011271773,3,2021-03-25
"Joe Biden 2020, A Group For Democrats",biden2020democrats,3,2021-05-01
Seniors For Biden Harris 2020 - National,biden4seniors,3,2021-04-01
President Joe Biden and Vice-President Kamala Harris 2021,2370763046314374,3,2021-03-23
Ilhan Omar Fan Club,1479567285767139,3,2021-04-07
The Ilhan Omar Support Group,4170102296395231,3,2021-03-27
Never Trump 4 Life,1032487350228713,3,2021-05-10
Friends Who Like Donald J. Trump,1007498566004656,3,2021-03-28
The Truth About Donald J Trump,3014528125290561,3,2021-05-29
Trump For Prison 2021,258213465091783,3,2021-05-13
Everything Donald Trump,trouble,3,2021-04-05
Americans 4 Trump,582675431889231,3,2021-03-29
All Things Trump,1217104961702265,3,2021-03-22
Students for Trump Group,560564350967306,3,2021-05-03
Wisconsin for Joe Biden 2020,WisconsinForJoeBiden2020,2,2021-03-26
Yang Gang For Biden/Harris 2020 (original),yanggangforbidenharris,2,2021-03-17
Humayun Chowdhury for Hillary Clinton,humayunchowdhury19,2,2021-04-01
Illinois For Bernie's Revolution,illinoisforberniesrevolution,2,2021-05-13
True Bernie Sanders Admirers,TrueBernieSandersAdmirers,2,2021-03-22
Bernie's Army,818905708502249,2,2021-05-19
Bernie Sanders The Movement Of POSITIVE CHANGE FOR THE PEOPLE & EARTH,825686140854491,2,2021-03-29
INDEPENDENTS VOTING DEMOCRATIC FOR BERNIE SANDERS,833722803372071,2,2021-03-23
Friends Who Like U.S. Senator Bernie Sanders,1804895456400503,2,2021-03-22
President Biden Our President,217805362804888,2,2021-04-02
Bernie Sanders for President 2020,221401394920084,2,2021-03-23
Vote Biden/Harris 2020,327279071651653,2,2021-04-01
JOE BIDEN Administration 2020,1520040568383868,2,2021-05-18
Bernie Sanders for PRESIDENT,1391782557814953,2,2021-03-23
President Joe Biden Supporter Group 2021,130765922314770,2,2021-05-29
Biden/Harris ‚Ä¢ A State of Unity,1273838966331132,2,2021-03-23
Joe Biden For President 2020,124613338011213,2,2021-03-22
Biden Harris 2020,611213739830268,2,2021-04-04
The People for Biden/Harris,628893058019601,2,2021-03-23
Pennsylvania Biden Merch,628153651387689,2,2021-05-01
President Joe Biden,887713941968439,2,2021-03-13
Women for Biden-Harris,885577628895611,2,2021-03-18
South Georgia for Bernie Sanders,1715374052048110,2,2021-03-22
Bernie Activists,1735095953441352,2,2021-03-23
Union members for Bernie Sanders,713169938820387,2,2021-03-23
Bernie Sanders Worldwide HQ,947877901975614,2,2021-03-23
ULTIMATE Joe Biden Fan Group 2020,961919820494230,2,2021-05-08
United Americans for Joe Biden,506669590020727,2,2021-03-12
Biden The Cheater üò† - Trump won ‚úîÔ∏è-MAGAüá∫üá∏‚ù§Ô∏èüíØ,506816373631420,2,2021-05-11
Progressives for Biden-Harris 2020,biden4progress,2,2021-04-01
BROTHERS FOR BERNIE & SISTERS FOR SANDERS,BROTHERSFORBERNIEANDSISTERSFORSANDERS,2,2021-04-28
Bernie or Bust Forever,BernieOrBustForever,2,2021-03-23
Bernie Sanders Social Media Collective,BernieSandersSocialMediaCollective,2,2021-05-19
RE-ELECT PRESIDENT JOE BIDEN AND VICE PRESIDENT KAMALA HARRIS 2024 !!!,162375228432077,2,2021-04-13
Positive Progress for America: Bernie Sanders for President,positiveprogressbernie2016,2,2021-03-23
Bernie Buddies,1079147529089122,2,2021-03-22
46 President  is Joe Biden and  Kamala Harris,1001230570357818,2,2021-05-30
VIVA BERNIE SANDERS FOR PRESIDENT,1663067380575275,2,2021-05-02
C.A.B.S. (Chattanooga Area for Bernie Sanders),ChattanoogaAreaforBernieSanders,2,2021-05-31
Seniors for Bernie Sanders,seniors4sanders,2,2021-05-08
Joe Biden,2554783634765407,2,2021-04-08
Joe Biden / Kamala Harris Not For president,260975255287277,2,2021-04-12
JOE BIDEN OUR 46th president üåçüåçüá∫üá∏üá∫üá∏üá∫üá∏,707801246521679,2,2021-04-12
Joe Biden fans club,3654409401287756,2,2021-05-19
Bernie for All of Us,442915433310094,2,2021-03-22
Hillary Klug Fan Club,350019165879924,2,2021-04-11
Bernie Primary Watch 2020,3037897059577260,2,2021-04-19
Joe Biden & Kamala Harris(Unofficial),400333444681963,2,2021-02-01
North Central Georgia for Joe Biden 2020,246682093067975,2,2021-03-22
Texas Women for Biden-Harris,277008087042202,2,2021-03-30
Never Bernie Sanders,283198379211530,2,2021-03-23
THE TED CRUZ FOR SENATE 2024 WAR ROOM,553172618182364,2,2021-03-30
Mitt Romney for Senate,8331196519,2,2021-03-25
Patriots for Ted Cruz,1092088780833598,2,2021-05-08
Supporters of Congressman Andy Kim,1126804481103038,2,2021-04-11
Alexandria Ocasio-Cortez: Unfit for office!,200434427537783,2,2021-04-02
Indiana's Missing and Unsolved Cases,Missing.Indiana,2,2021-04-27
Unsolved case files game Swap,438470097184194,2,2021-04-07
Donald Trump News,258719471828594,2,2021-05-16
Friends Who Like Donald J. Trump,1741807916142991,2,2021-03-22
Donald Trump Support group!!,1747231378894457,2,2021-03-28
Donald Trump,1726304240921178,2,2021-05-16
Biden The Cheater üò† - Trump won ‚úîÔ∏è-MAGAüá∫üá∏‚ù§Ô∏èüíØ,506816373631420,2,2021-05-11
Grand Old Tea Party 4 Trump,grandoldteaparty,2,2021-04-05
Trump MEME Depot,1645638969019418,2,2021-04-04
Real Donald Trump,1653893371538769,2,2021-04-29
Vote4Trump2024,390056908803189,2,2021-05-03
Jews Interrupt Trump,389145841553438,2,2021-03-18
Americans AGAINST Trump,363702704546117,2,2021-04-29
Donald J Trump,370644820920397,2,2021-02-01
Badass Women Trump Supporters,3672711479447306,2,2021-03-22
Anti Trump,342701589882196,2,2021-05-03
DONALD TRUMP FAN CLUB,NCTRUMPCLUB,2,2021-04-04
Dump That Trump,1238636159547509,2,2021-05-10
American Women For President Trump,655387734605529,2,2021-03-22
Trump Supporters,222529561839546,2,2021-05-18
Donald Trump for President 2020!,1905598186390427,2,2021-04-27
Prayer for Trump,1802521076740010,2,2021-04-08
Not Trump 2020,186542071705648,2,2021-03-23
Di·ªÖn ƒë√†n nh·ªØng ng∆∞·ªùi y√™u th√≠ch Donald Trump j,diendannhungnguoiyeuthichdonaldtrump,2,2021-05-29
ANTI TRUMP,544589052861670,2,2021-03-22
The best President Donald Trump,1775344309209006,2,2021-03-20
Donald Trump is my  president,179427162466994,2,2021-03-22
Loser Trump,Impeach.Kavanaugh2,2,2021-03-23
We Love Donald Trump UK üá∫üá∏üá¨üáß,2042982459262790,2,2021-02-24
Donald Trump Is Our President,1980465741987447,2,2021-03-19
Republicans for Trump 2020 !!!,207498343014939,2,2021-04-14
Donald Trump 2020!,209841742779055,2,2021-04-27
Trump Supporters Together,2135706713319465,2,2021-04-25
Trump For America,1436280873220889,2,2021-03-22
Trump,206742963017578,2,2021-05-08
Americans Abroad For Joe Biden 2020,AmericansAbroadForJoeBiden2020,1,2021-03-18
Bernie's Revolution Can't Wait!,992312580858728,1,2021-03-22
Alabama Students for Biden,studentsforjoe,1,2021-03-22
Silver Icing VIP ~ Hillary Kroeker,silvericinghillarykroeker,1,2021-03-17
South Asians for Biden - Massachusetts,SouthAsiansForBidenNewEngland,1,2021-03-22
Cincinnati for Biden,cincy4biden,1,2021-03-18
Minnesota For Hillary 2016,HillaryForPresident,1,2021-05-07
Georgia for Joe Biden 2020,GeorgiaForMikeBloomberg,1,2021-03-22
GOTV for Bernie - Utah,GOTV4BernieUT,1,2021-03-25
Brattleboro VT for Bernie 2020,BrattleboroforBernie,1,2021-05-12
Bernie & BEST,BernieAndBest,1,2021-03-17
#DemEnter:  Berniecrats Taking On the Democratic Establishment,berniecratsvstheestablishment,1,2021-03-22
Bernie Delegates Network,BernieDelegatesNetwork,1,2021-03-22
Bernie Sanders Activists,BernieSandersActivistsReplacement,1,2021-05-02
Bernie Volunteers of Long Island,berniesandersLI,1,2021-04-27
Bernie's California Grassroots Family,BGF.CA,1,2021-03-22
Bernie‚Äôs Kansas Grassroots Family,BGF.KS,1,2021-05-08
Bernie's New York Grassroots Family,BGF.NY,1,2021-03-12
Joe Biden for Northern Nevada,bidenfornorthernnv,1,2021-05-30
Biden Harris 2021- Restoring our Nation's Soul,bidenharrisrestoringournationssoul,1,2021-03-22
President Biden Prosecute This Hate Crime,BidenProsecuteThis,1,2021-03-22
Joe Biden Text Mods Keep in Touch,bidentextmods,1,2021-02-26
Joe Biden's Dank Meme Stash,JoeBidensDankMemeStash,1,2021-03-06
Joe Biden for Maryland,joeformd,1,2021-04-21
Women of Color for Biden-Harris - National,womenofcolorforbidenharris,1,2021-04-04
West Texas for Joe Biden,WestTexasBiden,1,2021-03-17
WOMEN 4 HILLARY 2016',women4hillary2016,1,2021-04-04
Sen Bernie Sanders For President!!,sandersin2012,1,2021-03-22
Stern Aunt Kamala Harris' Privatized Prison Slave Labor Camp,privatizedprisonslavelaborcamp,1,2021-03-20
Delegates and Friends of Bernie Sanders,ProgressiveGrassrootsAlliance,1,2021-02-18
Partisan Politics are B.S. (Formerly Progressives Against Hillary),progressivesagainsthillary,1,2021-03-05
President Biden and a Democratic Congress,ElectDems,1,2021-03-22
Jewish Floridians for Biden,fljewsforbiden,1,2021-03-22
Nominate Bernie Sanders and Non-corrupt Person 2020,1688738534713716,1,2021-03-19
Bernie Sanders üî• OUR Revolution,1695600144055661,1,2021-05-02
Arizona for Hillary,1646092682270812,1,2021-03-22
Oklahoma County for Bernie,1650696838519115,1,2021-03-23
Inmate Families For Bernie Sanders,1655427914681969,1,2021-03-22
How Bernie Sanders Became President,1655582868041404,1,2021-03-22
Local Berniecrats- Buffalo NY,1664777330202668,1,2021-04-05
Bernie Sanders for President- Austin,1618255028458961,1,2021-04-18
Penn Students for Bernie Sanders,1631885237089587,1,2021-03-24
Berniecrats and Sandernistas,160838447825149,1,2021-03-22
North Jersey for Bernie Sanders 2016,1609135329355804,1,2021-03-23
HILLARY RODHAM CLINTON FOR USA 2016,1003414726438982,1,2021-04-20
Bernie Sanders is My Hero Two,1004509749584428,1,2021-05-16
THE REAL PRESIDENT HILLARY CLINTON,POTUSHillaryClinton2016,1,2021-05-05
Nevada Veterans and Military Families for Biden,nvveteransforbiden,1,2021-03-19
New Yorkers for Joe Biden,NY4Biden,1,2021-03-18
Bernie Sanders For President 2020 - Phoenix,paarizona,1,2021-02-25
Wholesome Bernieposting,168574384403982,1,2021-04-07
We Are Hillary Voters Who Now Support Joe Biden,1672132976335668,1,2021-03-09
Warriors for Hillary,212055609145454,1,2021-03-25
South Jersey for Joe Biden,287801608987148,1,2021-04-27
Joe Biden is Not My President,340076620404839,1,2021-03-19
BIDEN/HARRIS RESTORING AMERICAN VALUES,323582084733801,1,2021-05-19
Lowell4Bernie Greater Lowell for Bernie Sanders (Massachusetts),1050513758671801,1,2021-04-27
Independents for Bernie Sanders,1051871888186551,1,2021-05-24
U.S. senator Bernie Sanders,1059466270765074,1,2021-03-22
"Minnesota for Bernie Sanders, President 2020",1020655934611750,1,2021-03-25
Southeast Ohio for Bernie Sanders,1030748016986784,1,2021-04-13
Hillarys & Surrounds Buying and Selling Group,103316110198756,1,2021-04-08
We Are The United States for BIDEN-HARRIS #GOTV,wearetheunitedstatesforbidenharrisgotv,1,2021-04-01
UCSB For Bernie,UCSBforbernie,1,2021-04-19
Bernie Marcus: My Thoughts on Everything,therealberniemarcus,1,2021-02-10
Time for Bernie,timeforbernie,1,2021-03-22
The 59th Presidential Inauguration of Joe Biden & Kamala Harris,the59thpresidentialinauguration,1,2021-02-22
Arizona Friends of Biden Meetup Group,2760411717549068,1,2021-04-23
NH For Bernie 2020 Alumni,228381114993658,1,2021-03-22
Bernie Sanders 2020 Creative/Fun ACTIONS,2289426331273733,1,2021-04-12
Alabama for Bernie Sanders 2020 [Organizing],2304419683126993,1,2021-02-17
Joe Biden IS NOT MY PRESIDENT!,223046025988848,1,2021-03-23
Bernie Sanders For President 2020,2244227128994351,1,2021-03-22
Countryside Residents for Biden / Harris 2020,225480805457493,1,2021-03-29
BERNIE SANDERS RALLIES 2020,2258520564404027,1,2021-03-25
South Shore 4 Bernie,2262691397144295,1,2021-05-09
"NEO Win, Bernie, Win!",NEO4Bernie,1,2021-04-07
Michigan City for Bernie Sanders,MichiganCity4Bernie,1,2021-04-09
Organizing for Bernie -- Nashville chapter,nashville4bernie,1,2021-05-08
Creyentes aut√©nticos con Joe Biden,290843218880067,1,2021-04-28
Iowa & Nebraska Veterans and Family Members for Biden,3008406309268607,1,2021-03-17
Biden For President 2020,293435581743199,1,2021-03-22
Ithaca for Bernie 2020,370999543665506,1,2021-03-24
Missouri Believers for Biden,3782666141749336,1,2021-03-23
JOE BIDEN LOVERS,366947961230659,1,2021-02-11
Joe Biden MN Volunteers,698557034324821,1,2021-03-22
NEVER BUY IN BIDEN,674620646583417,1,2021-04-25
Bernie Sanders Support Network,679829372158383,1,2021-03-30
Joe Biden/Kamala Harris January 20 2021 Victory,681631716096950,1,2021-05-27
IA Bernie Supporters and Volunteers,2390787151151788,1,2021-05-12
"Bernie 2020- Rochester, MN",236151050533246,1,2021-03-19
Chattanooga for Joe Biden,263094308199222,1,2021-05-01
AAPI Millennials and Youth for Biden,257375152172453,1,2021-05-09
DieHard Bernie Sanders Supporters,254188421620306,1,2021-05-02
Boulder City Bernie Delegates and Friends,259130135080460,1,2021-03-17
National Delegates for Bernie Sanders 2020,2616806141877439,1,2021-03-27
Wellesley College For Biden,245117956875041,1,2021-04-12
Biden/Harris Restoring Our American Democracy For Our Future Generations!,411234572403509,1,2021-03-24
NH Independents for Biden-Harris,402277790801304,1,2021-05-13
Joe Biden is not MY President,402719181046442,1,2021-04-29
Biden-Harris LGBTQ+Allies Midwest Action Group,405045153813468,1,2021-02-24
Joe Yes We Did! President Biden and Madam VP Harris,430978467693437,1,2021-05-13
Swing State Volunteers for Joe BIDEN! Team Northeast Philadelphia,3787369707958414,1,2021-03-22
Bostons for Biden,2697544540490221,1,2021-03-21
S/L CONGRATS PRESIDENT J R. BIDEN AND VP K. HARRIS,272525010556235,1,2021-04-03
Biden/Harris Fans,274736160482148,1,2021-05-03
"Local Berniecrats Indianapolis, Indiana",265118433941143,1,2021-03-19
Joe Biden is not my president,2692682587708533,1,2021-03-17
We Got Your Back President Joe Biden 46 President Of The United States,352933792455714,1,2021-02-25
Joe Biden will NEVER be like Trump,3565166473579374,1,2021-03-22
PA Voters For Biden/Harris 2020,3568719316485927,1,2021-03-23
Joe Biden is not my President!,1740403216121074,1,2021-03-24
Bernie Sanders revolution supporters,1741200519441089,1,2021-05-02
Bernie Sanders & Jill Stein Activists,1753861931519184,1,2021-04-12
2020 Bernie National Virginia Delegation,171625644260510,1,2021-03-23
Trinity County Berniecrats,1727313057534937,1,2021-03-19
The president Bernie Sanders,1727879937499102,1,2021-05-02
TX Women for Biden/Harris,666740633892326,1,2021-03-01
Rational Bernie Supporters,671125593429120,1,2021-03-18
Biden's Promises,645612442782647,1,2021-03-18
Liberals For Biden,646348452386245,1,2021-03-26
Friends Who Like U.S. Senator Bernie Sanders,872897239498272,1,2021-05-02
Metro East Illinois for Bernie Sanders Discussion Group,880725615334769,1,2021-04-19
Bernie's revolution,891489447616261,1,2021-03-22
Biden Harris For Florida Panhandle,850forJOE,1,2021-05-05
Joe Biden is not my president,865098554226294,1,2021-03-23
Indy for Bernie,869758933121988,1,2021-02-02
Cincinnati Action For Bernie Sanders,622807421155051,1,2021-05-20
"Kentucky For Kamala ( , La ) Harris",614147275659603,1,2021-03-21
Local Berniecrats San Luis Obispo,776045525894918,1,2021-03-23
Bernie Memes Group,794250497682846,1,2021-03-23
Christians for Joe Biden,762538097574797,1,2021-03-25
Bernie Buddies,767621453346216,1,2021-03-22
Local Berniecrats South Central PA,490018954534263,1,2021-04-29
Sarasota For Bernie 2020,477262806443688,1,2021-05-14
PRESIDENT BERNIE SANDERS 2020,482483832349440,1,2021-03-22
A Genuine Bernie Sanders Group,486584724880714,1,2021-03-18
Countdown to Biden,549279749228847,1,2021-03-22
Biden Is Not My President,724404958189791,1,2021-03-18
I love it when I wake up in the morning and Joe Biden is president,725418851390084,1,2021-05-08
Biden Harris Supporters,717373882388950,1,2021-03-06
Michigan for Bernie Sanders 2020,573252546484974,1,2021-04-09
Bernie Sanders Delegation Activist Supporters,574606439875278,1,2021-03-22
CENTRAL MA LATINAS FOR BIDEN/HARRIS 2020,449844932641493,1,2021-03-21
THE AMERICA CITIZEN VOICE;  Joe Biden Not elected president of United State,825427884896658,1,2021-03-22
Joe Biden Is Not My President,835516037021414,1,2021-03-24
Joe Biden Is Your President üòÇ,801773557285534,1,2021-03-22
Chicago Businesses for Bernie Sanders 2016,803248063106557,1,2021-04-07
DC Lawyers and Organizers for Biden,817792458702624,1,2021-03-23
Milwaukee For Bernie Sanders,942318585826594,1,2021-04-23
Missouri Students for Bernie Sanders,945813235504919,1,2021-03-18
San Francisco for Bernie Sanders,949508041773305,1,2021-03-19
OC Bernie's #PoliticalRevolution (formerly known as Bernie Sanders 4 Pres.),966659206718727,1,2021-03-27
The Modern Revolution: Bernie Sanders,969372169818927,1,2021-05-02
Bernie Memes,908591536223753,1,2021-04-08
BERNIE SANDERS REVOLUTION: And the Liberal and Progressive Traditions,912702058825801,1,2021-03-23
"Aspen, CO for Bernie Sanders",914425301927406,1,2021-03-22
Pennsylvania For Biden,1219693695039231,1,2021-03-23
Local Berniecrats Austin,1251458568241073,1,2021-03-18
Bernie Sanders Social Media Revolution,1166629890032898,1,2021-03-22
Random Acts of Bernie,117438448663690,1,2021-04-17
Black Delegates for Bernie,1180896735255822,1,2021-05-08
Chicago Southland for Bernie Sanders,1465209710456402,1,2021-05-05
Bernie The People's President,139374306499147,1,2021-03-22
Movement4Bernie Wisconsin,1369399699753388,1,2021-03-23
Bernie Sanders is Still My Hero,1370356043071257,1,2021-03-22
2019 Camp Bernie Staff - Official,1385309804942877,1,2021-03-22
"$Hillary/Biden/kamala/exposing their lies & deceit,",1515032148822513,1,2021-04-07
Southwest Michigan for Bernie Sanders,1524225384545007,1,2021-03-23
Joe Biden is not my President,148838383701907,1,2021-03-17
Californians for Biden/Harris 2020,316641495705856,1,2021-05-21
PRESIDENT BERNIE SANDERS 2020,3076968279194415,1,2021-03-22
Bernie Sanders 2020,308176739552712,1,2021-03-22
Bernie for ME,112097759136569,1,2021-05-03
Bay Area Berniecrats,1146767658803399,1,2021-02-20
Bernie Sanders for POTUS 2020,114968155529200,1,2021-03-18
Joe Biden Fan Club,1087066381809389,1,2021-03-14
Muslims for Bernie Sanders,1114766241884148,1,2021-03-19
Workers for Bernie Sanders,179471535718782,1,2021-05-09
The Official 2020 YMCA Camp Bernie Staff Page,1798593963610233,1,2021-04-11
I remember Bernie when.....,184180131647458,1,2021-05-30
Fulton and Greater Lucas Counties for Hillary,1776300095947659,1,2021-04-01
Stop Hillary Before 2020 & Politicians Like Her,1834697420144226,1,2021-05-20
American Labor  Party for Bernie Sanders,154866394660318,1,2021-03-23
Fans of Bernie Leadon & The Eagles,1558899924322125,1,2021-03-25
Bernie & Lynnie Travels,1532856550178105,1,2021-05-09
The bar for Biden is so low it's a tavern in hades.,1531889406999692,1,2021-03-18
#NeverBiden #DropOutBiden #BidenLies Meme Stash,1546187038888650,1,2021-03-22
34th Berniecrats,131210233949739,1,2021-05-08
The official YMCA Camp Bernie Staff of 2012 Group!!,132308116828848,1,2021-05-08
Friends Who Like Bernie Sanders For President 2016,126723294376839,1,2021-03-22
UNITED COALITION FOR THE BELIEF IN BERNIE'S REVOLUTION,129402304165982,1,2021-03-22
Troll Slayers for Bernie!,331364581084331,1,2021-04-19
Queens for Bernie 2020,2180790472042606,1,2021-02-18
Hillary Clinton Michelle Obama 2020,215932968909981,1,2021-03-23
Alexandria Ocasio-Cortez Action Network,alexandriaocasiocortezactionnetwork,1,2021-03-20
Liberty Lovers for Ted Cruz,990740907680376,1,2021-03-23
Ashley Hinson Volunteer HQ,ashleyhinsonvol,1,2021-05-03
London young peoples project,atdLYPP,1,2021-03-23
WE DEMAND TED CRUZ FOR PRESIDENT 2020!,ImVotingforTedCruz,1,2021-03-23
World of United Buddhists - Group,WorldofUnitedBuddhists,1,2021-03-22
Rashida Tlaib Fan Club,rashidatlaibfanclub,1,2021-03-07
Defeat Lauren Boebert: Western Colorado Speaks,dumptrumpgj,1,2021-03-24
Ted Cruz for President 2016 Action Team #CruzCrew,Cruz4President2016ActionGroup,1,2021-03-23
CRUZ NEWZ Vote TED CRUZ for Senate 2018,1688301831382053,1,2021-03-23
Philly for Elizabeth Warren,philly.for.warren,1,2021-02-21
Help Elect Jon Ossoff & Raphael Warnock,2829212454065288,1,2021-03-17
We Demand the Resignation of Senator Bill Cassidy R-LA,252514639721905,1,2021-02-16
Tulsa Daniel Webster High School Alumni Foundation,tulsawebsteralumni,1,2021-03-19
TED CRUZ CENTRAL,TEDCRUZCENTRAL,1,2021-05-08
Bernard Sanders For Potus Meme Archive 2016 & 2020,TheArchiveForBernardSandersMemes2016,1,2021-02-27
Vote Out Texas Senator John Cornyn 2020.,277293622710423,1,2021-04-03
Haunted Cases and Paranormal Experiences,2251147645151561,1,2021-03-22
Ted Cruz Conservative Loyalist,NewHampshireForTedCruz,1,2021-05-08
African-Americans for Rand Paul,364585060393139,1,2021-03-18
NJ for Elizabeth Warren 2020,2316720631991763,1,2021-03-23
"Once a Daniel Webster Warrior, ALWAYS a Daniel Webster Warrior!",38562319199,1,2021-03-08
Found Feathers Tribe (Fans Of Adam Smith),264281494591617,1,2021-05-27
Fargo-Moorhead for Elizabeth Warren,353982048857060,1,2021-05-19
"SEN MIKE BRAUN of INDIANA, NUMBER  # ONE TRUMP PARTISAN IN US SENATE",659198828199236,1,2021-05-08
Tim Scott for President and Kayleigh Mcenany for Vice President 2024,646331729620031,1,2021-05-27
MI Ted Cruz Leadership Team,851809144909622,1,2021-03-23
Libertarians for Ted Cruz,LibertariansforTedCruz,1,2021-03-23
Ted Cruz for President 2016-Colorado Chapter,777787398956606,1,2021-03-23
Ted Cruz - 2020 Florida,786142478144394,1,2021-05-08
Democrats for Ted Cruz 46,534459550019545,1,2021-03-23
The Steve Cohen Show,826478110750845,1,2021-03-23
MHOR RC USED CASE Deals!,1190774947745546,1,2021-05-10
FIRE Nancy Pelosi,146450756708113,1,2021-05-10
I Stand with Mike! (Senator Mike Lee),1420697124811545,1,2021-04-01
Independents for Ted Cruz 46,1410804892578641,1,2021-03-23
Tea Party for Ted Cruz 46,141458986211245,1,2021-03-23
3D Printed Case Inserts,1106294099884986,1,2021-05-25
Ted Cruz 46 Defense Team,183691388654115,1,2021-03-23
Jon Ossoff,1299182103452522,1,2021-04-08
Rashida Tlaib for Senate 2024,1278404952507878,1,2021-05-22
Gale Harold&Randy Harrison Fans ‚ôÇ‚ôÇ You must be over 18 to join.,127891680564648,1,2021-04-01
Rick Scott for U S Senate - Florida,218538581675851,1,2021-05-10
Never Elizabeth Warren,2152610855038642,1,2021-03-19
Knitters Against Trump,962835300466104,1,2021-03-27
Trump Train,939968009824734,1,2021-03-10
Donald Trumps Acts Of Kindness,824153954395276,1,2021-03-22
President Trump Keep America Great group,452366051835522,1,2021-03-22
A group where everyone will be banned if Donald Trump serves a second term.,455983558327599,1,2021-03-22
Stop Donald Trump,469034600159378,1,2021-05-09
"National Page, Support for Re-Electing President Trump",582156822329878,1,2021-03-18
Friends who like Donald J. Trump,572332732971181,1,2021-05-11
Friends for Donald Trump and the Truth,904971122931802,1,2021-04-11
anti trump,964723363909330,1,2021-04-04
PEOPLE THAT SUPPORT PRESIDENT TRUMP,1197212267110323,1,2021-03-22
Trump Supporters are EXHAUSTING!,913150405855281,1,2021-04-21
"Oh look, another trumpster fire has an opinion.",921266965065862,1,2021-03-21
Lincoln County NC Trump Train,121202205962707,1,2021-03-27
Stupid Stuff Brought to you by TRUMP,1226559904343384,1,2021-04-12
The Trump Revolution Now,1168099819960556,1,2021-03-21
Trump and Friends,1179363225494771,1,2021-04-27
SERBS FOR TRUMP,1197660927240690,1,2021-03-27
America against Trump.,1360166837426882,1,2021-03-25
Donald Trump 2020,1521027651326423,1,2021-04-27
Friends Who Like Donald J. Trump,1484931091522252,1,2021-03-27
Trump Supporters 2021,593902817854170,1,2021-03-22
The World Supports Donald Trump 2016,549985111831966,1,2021-04-27
Central Florida for Trump,590306528161633,1,2021-03-23
East County Trump Supporters,586202972046966,1,2021-03-22
Trump Train,306209294146166,1,2021-04-04
Trump for another 4 years!!!,650963188922658,1,2021-03-23
DC Protest Trump Discussion Group.,872837219483407,1,2021-04-05
United Against Trump,887237478109433,1,2021-04-05
WOMEN FOR TRUMP 2,888055424945314,1,2021-03-22
Michigan Christians Stopping Trump's Re-Election,892189151219573,1,2021-02-08
Midwestern Women for Trump,866820450805143,1,2021-04-03
Done with Trump ByeDon 2020,626936404907492,1,2021-04-04
STOP THE SPREAD OF TRUMPISM IN AMERICA,603080740288931,1,2021-05-08
Americans Against Trump Fascism,604841723050238,1,2021-03-22
Louisiana for TRUMP 2016,LouisianaforTrump2016,1,2021-03-22
Donald Trump,777652222338974,1,2021-03-23
TRUMP TRAIN 2020,778557289371709,1,2021-03-22
Trump Train 2020 Keeping America Great!!,788305088338890,1,2021-04-30
United Against Trump,750346772183672,1,2021-04-02
Trump We are alive,752376564940906,1,2021-03-21
Trash the trump,769031630334979,1,2021-04-05
Americans for Donald Trump,485735012401778,1,2021-05-16
TRUMPF,53594820892,1,2021-02-17
Americans For President Trump 2020,545386855629038,1,2021-05-06
Peaceful Protests for Trump,726274824654424,1,2021-04-06
We British support Donald Trump back to his presidency,718563328864847,1,2021-05-29
"Please, Spare Us, Mighty Trump Army!",720194245050965,1,2021-05-17
We The People For Trump !,321451444878035,1,2021-03-21
Support Trump,1325487214260641,1,2021-03-21
We Are Trump,3328003443962459,1,2021-03-22
Anti-Trump Activists,334327010872882,1,2021-04-27
üá∫üá∏üá∫üá∏ Illinois Trump Events üá∫üá∏üá∫üá∏,335756230991917,1,2021-03-30
Pro-Choice Democrats Against Trump,339755586160515,1,2021-05-02
Trump Flag parade,323187505632113,1,2021-04-06
TRUMP IS KILLING THE U.S.A.,327607541578955,1,2021-03-31
Trumpsters Admin & Mods,3277730775576044,1,2021-03-22
Friends Who Like Donald J. Trump,328925080822864,1,2021-03-20
Resist and Reject Trump,2195872100637095,1,2021-04-06
TRUMP 2020 TEAM,219833361930180,1,2021-03-23
I Support President Donald Trump 2020!,220767975337140,1,2021-03-22
American Patriots for President Trump,1891106067780527,1,2021-02-26
Stand For TRUMP 2020,191717902088740,1,2021-03-23
sounds like something Donald Trump would tweet but ok,1850949331686270,1,2021-03-22
Donald Trump 2020,1862375700719367,1,2021-03-22
Anti trump Protest los angeles,1866877130207669,1,2021-03-23
TRUMP GEAR,186795382572923,1,2021-03-22
Trump resistance,197843787326747,1,2021-04-14
SHOW ME STATE FOR PRESIDENT  TRUMP 2020,199129597107848,1,2021-03-22
Trump Central at The Washington Times,1996686960591439,1,2021-05-20
Keeping Donald Trump out of office,199834697154656,1,2021-04-10
Donald Trump 2020,193547277722376,1,2021-04-01
sounds like something trump would tweet but ok,193772647886562,1,2021-03-17
People For Trump,334293180242213,1,2021-05-01
The Traitor Trump,1118905374957363,1,2021-05-09
H·ªôi nh·ªØng ng∆∞·ªùi ·ªßng h·ªô T·ªïng th·ªëng DONAL TRUMP,1140226656372661,1,2021-03-22
Give TRUMP a chance!,115386225610368,1,2021-03-23
Be the change.....(antitrump),1092534310872462,1,2021-03-25
Trump for President 2020,1094521347603521,1,2021-03-22
President Trump News,2061812100707511,1,2021-04-08
Trumpy Memes,211633076388133,1,2021-05-05
Prayers For Trump,2116701068652175,1,2021-03-21
We support Donald trump,2050594018286640,1,2021-04-20
trumps A Goner,205295679499402,1,2021-03-22
Trump Club,1793362527545229,1,2021-05-02
Trump on Trial - Costa Rica,1805224323066725,1,2021-05-31
Art Trumps Hate,1805756289667033,1,2021-05-23
Friends Who Like Donald J. Trump,180587405669147,1,2021-04-01
Real Trump Train,1779481815656420,1,2021-04-07
To Tromp Or Not To Trump That Is The Question,1828891703995292,1,2021-03-23
Friends Who Like Donald J. Trump,1830470040559071,1,2021-04-11
President Donald Trump [Support Group],1834379526576277,1,2021-03-22
THE OFFICAL PRESIDENT TRUMPS GROUP,158135714606665,1,2021-03-22
Truth trumps Loyalty,153480711361663,1,2021-03-22
Trump Worldwide news,157724207960353,1,2021-04-11
Trump's America,1306741192714634,1,2021-03-22
Donald J Trump support group,647585149100697,1,2021-05-19
Trump 360,393780061633991,1,2021-04-10
TRUMP SUPPORTERS,637132573480901,1,2021-04-02
JAIL TRUMP,327829224743556,1,2021-05-29
Anti Trump,107921686433200,1,2021-03-22
In Trump We Trust,1020952884663300,1,2021-03-21
Trump 2020,1036372456803136,1,2021-03-22
VETERANS FOR PRESIDENT DONALD J TRUMP 2016,veteransforpresidentdonaldtrump2016,1,2021-03-22
TRUMP üá∫üá∏ for GOVERNOR of CALIFORNIA,trumpforca,1,2021-04-03
Trumping 2020,Trumping16,1,2021-03-22
Trump talk group,TrumpTalkGroup,1,2021-05-17
President Trump's Women In Action (C),TrumpWomenInAction,1,2021-02-26
President Trump,UndecidedVoters,1,2021-04-08
Support for Trump in 2020,SupportTrumpin2020,1,2021-03-23
Trump 2020,285802108841455,1,2021-04-01
Trump Train,2763129977349397,1,2021-05-18
Responsible Gun Owners Against Trump,277126092632019,1,2021-04-21
Donald Trump is my president,230241525352630,1,2021-05-08
ARREST TRUMP !!,2219970108300427,1,2021-03-23
We Love Trump,224746344951209,1,2021-03-21
Talk Trump,297090324152269,1,2021-03-22
Trump2020,2985642784888996,1,2021-05-23
Patriots for President Trump,300137853977488,1,2021-05-19
The Anti-Trump Movement,1056333214893457,1,2021-05-18
From the Desk of Donald J. Trump,128350395992721,1,2021-05-08
TRUMPENCE 2020  FASTING GROUPüé∫ üî•,659511381403049,1,2021-03-25
THE PEOPLE'S INAUGURATION - PATRIOTS VS. TRUMPOCRACY,peoplesinauguration,1,2021-02-25
Trump Tweets that haven't aged well,976349462852648,1,2021-03-17
Boycott All Things tRump Owns & Supports,Shitrump,1,2021-03-29
Coalition Against Trump's Tyranny,CoalitionAgainstTrumpsTyranny,1,2021-05-19
North Americans for Donald Trump,canadiansfordonaldtrump,1,2021-05-11
GLAMOROUS WOMEN FOR TRUMP/PENCE,glamorouswomenfortrumpldf,1,2021-03-22
Boycott Trump,BoycottTrump,1,2021-05-02
Worldwide For Trump,worldwidefortrump,1,2021-03-16
President Donald Trump News,REALTRUMP,1,2021-03-26
Resist Trump: DMV and beyond,resisttrumpdmv,1,2021-04-08
Donald J Trump Building a Great World,DonaldJTrumpGreatWorld,1,2021-03-22
Americans for Donald Trump,DonaldTrumpAmerica,1,2021-04-27
Make America Great Again - Donald Trump,DonaldTrumpGreatAmerica,1,2021-04-01
Fallacious Trump,fallacioustrump,1,2021-04-19
TRUMP DUMPERS,1685088994850593,1,2021-04-30
Trump Loves Me,1698851296850148,1,2021-03-21
Dump On Trump and Republicans,164738113600534,1,2021-03-22
Donald Trump Support Group,1655366304746138,1,2021-04-08
Trump not for 2020,1656348161248555,1,2021-03-23
Friends Who Like Donald J. Trump,1621778298124135,1,2021-03-17
Friends Who Like Donald J. Trump,1590478387935611,1,2021-04-05
Anti-Trump United (ATU) Chicago Area,160516251098488,1,2021-03-23
Trump 2024,trumpfor2024,1,2021-03-14
TRUMP 2020!!,Obamahasgottogo,1,2021-05-29
MI ASIAN AMERICANS FOR TRUMP,292573621669464,1,2021-03-28
TRUMP IS A BULLY AND CRYBABY,374802033097132,1,2021-03-18
Trump Republicans,375879907184593,1,2021-05-29
Donald Trump Poetry,376178872755554,1,2021-04-05
Donald Trump Supporters,384503482056597,1,2021-05-08
Occupy Democrats vs Trump Supporters,386107821782385,1,2021-04-11
Trumps lie list 2.0,3879488662123632,1,2021-05-05
Trump Rally‚Äôs in Massachusetts,273409720632974,1,2021-03-22
Love Trump,3503018576441172,1,2021-04-15
Trump Out Cruz In!! America,351278631709439,1,2021-03-23
Donald J Trump Is Not Our President,352751991745010,1,2021-03-23
The ALLSTAR TRUMP TRAIN,353632092147627,1,2021-04-10
Joe Biden will NEVER be like Trump,3565166473579374,1,2021-03-22
No More Trump,345427633109569,1,2021-03-22
Fans of Trump for President,531853246939364,1,2021-03-22
Daily Trump Memes Group,510624306454449,1,2021-03-17
Donald Trump America's President,511818002508380,1,2021-04-27
DUMP TRUMP 2016,1734023406826900,1,2021-03-22
Americans for Trump - Trump Fans,1739146273073954,1,2021-03-22
Oklahoma Trump Pence  Congressional District 1  2020,1743295306000439,1,2021-03-23
I SUPPORT PRESIDENT DONALD TRUMP,175811756135204,1,2021-03-30
stand up for trump,1704179463188869,1,2021-04-09
TRUMP 2020,1716633791929333,1,2021-03-22
Friends Who Like Donald J. Trump,1732346257009674,1,2021-04-07
Friends Who Like Donald J. Trump,653275648188127,1,2021-03-30
Trump Strong,658535798139280,1,2021-03-22
"SEN MIKE BRAUN of INDIANA, NUMBER  # ONE TRUMP PARTISAN IN US SENATE",659198828199236,1,2021-05-08
Anti-Trump #FlushTheTurdOnNovember3rd,383976665660799,1,2021-03-18
DONALD TRUMP PRAYER TEAM,390264495135975,1,2021-04-08
H·ªôi Nh·ªØng Ng∆∞·ªùi ·ª¶ng H·ªô TT Donald Trump Quay Tr·ªü L·∫°i,389867062302205,1,2021-02-20
President Trump 2020,235915983413916,1,2021-03-22
Brexiteers for Trump        ( üá¨üáß ü§ù üá∫üá∏ ),3615826251802934,1,2021-05-31
Help! Someone I love supports Trump,364686931255579,1,2021-03-22
Trump Resurrection 2024,364812018123220,1,2021-04-04
We The People For Trump 2020,366357497967983,1,2021-03-23
PLEASE UNFRIEND ME IF YOU VOTED TRUMP,690881574879406,1,2021-03-23
TRUMP ~ The Next Four Years (Back Up),704158413482568,1,2021-05-24
WE SUPPORT PRESIDENT TRUMP,708277752948719,1,2021-05-30
No.1 Memes Trump,680159655835468,1,2021-03-30
Liberals for Trump,685852755555313,1,2021-03-22
Trump 2020,237114277528382,1,2021-03-22
Trump ‚òÖ‚òÜ‚òÜ‚òÜ‚òÜ would not recommend,257936742522630,1,2021-03-24
President Donald Trump,438523782984014,1,2021-05-16
Kiwis Debunking/Mocking Trump GOPQ Conservatism,254169354914935,1,2021-04-16
Donald Trump Fans,260983174425295,1,2021-04-27
against trump,261311855074125,1,2021-03-22
Trump Support 2020,261389575035540,1,2021-03-24
Team Trump Supporters,249698829868738,1,2021-05-19
Trump Neighborhood Protests - Sat. @ Noon Local Time,410047399528200,1,2021-03-17
Trumpers,411914529490442,1,2021-05-29
Villains Against Trump,402796780055126,1,2021-03-23
Trumplicans President Trump Still my President,404240227452424,1,2021-03-21